{
  "show_numbers": false,
  "show_hour_ticks": true,
  "show_minute_ticks": true,
  "background_color": [
    0.38823529411764707,
    0.27058823529411763,
    0.17254901960784313
  ],
  "background_opacity": 0.7,
  "face_texture_source": "builtin",
  "face_texture_name": "leather.png",
  "enable_face_color": true,
  "enable_face_texture": true,
  "face_color_opacity": 0.7,
  "face_texture_opacity": 0.7,
  "rim_width": 0.011,
  "rim_opacity": 1.0,
  "rim_color": [
    0.23333333333333334,
    0.16114,
    0.020999999999999994
  ],
  "hour_tick_size": 0.03,
  "hour_tick_position": 0.975,
  "hour_tick_style": "round",
  "hour_tick_aspect_ratio": 0.6155722066724582,
  "minute_tick_size": 0.019,
  "minute_tick_position": 0.975,
  "minute_tick_style": "rectangular",
  "minute_tick_aspect_ratio": 0.11662912394210093,
  "number_position": 0.829,
  "number_size": 0.151,
  "number_font": "Sans",
  "number_bold": false,
  "use_roman_numerals": false,
  "show_cardinal_numbers_only": false,
  "hour_hand_length": 0.6,
  "hour_hand_tail": 0.12,
  "hour_hand_width": 0.04,
  "hour_hand_image_width": 1.0,
  "hour_hand_image_source": "builtin",
  "hour_hand_image_name": "breguet",
  "minute_hand_length": 0.8,
  "minute_hand_tail": 0.16,
  "minute_hand_width": 0.025,
  "minute_hand_image_width": 1.0,
  "minute_hand_image_source": "builtin",
  "minute_hand_image_name": "breguet",
  "second_hand_length": 0.845,
  "second_hand_tail": 0.2,
  "second_hand_width": 0.01,
  "second_hand_image_width": 1.0,
  "second_hand_image_source": "builtin",
  "second_hand_image_name": "breguet",
  "center_dot_radius": 0.013,
  "date_box_width": 1.18,
  "date_box_height": 0.24,
  "date_box_margin": 0.12,
  "date_format": "%a, %d %b.",
  "date_font_size": 0.118,
  "date_font": "Sans",
  "date_bold": false,
  "hands_color": [
    0.8233333333333334,
    0.4810619047619048,
    0.23053333333333337
  ],
  "numbers_color": [
    1.0,
    0.7450980392156863,
    0.43529411764705883
  ],
  "ticks_color": [
    0.9500000000000001,
    0.8301801801801802,
    0.7283333333333333
  ],
  "minute_ticks_color": [
    0.803921568627451,
    0.6705882352941176,
    0.5607843137254902
  ],
  "border_color": [
    0,
    0,
    0
  ],
  "second_hand_color": [
    0.9933333333333334,
    0.9055779249448124,
    0.8410222222222223
  ],
  "date_text_color": [
    0.9033333333333334,
    0.6708596026490068,
    0.4998444444444446
  ]
}