{
  "show_numbers": true,
  "show_hour_ticks": true,
  "show_minute_ticks": true,
  "background_color": [
    1.0,
    1.0,
    1.0
  ],
  "background_opacity": 0.7,
  "face_texture_source": "builtin",
  "face_texture_name": "white marble.png",
  "enable_face_color": true,
  "enable_face_texture": true,
  "face_color_opacity": 0.81,
  "face_texture_opacity": 0.81,
  "rim_width": 0.011,
  "rim_opacity": 1.0,
  "rim_color": [
    0.23333333333333334,
    0.16114,
    0.020999999999999994
  ],
  "hour_tick_size": 0.025,
  "hour_tick_position": 0.975,
  "hour_tick_style": "round",
  "hour_tick_aspect_ratio": 0.6155722066724582,
  "minute_tick_size": 0.015,
  "minute_tick_position": 0.975,
  "minute_tick_style": "rectangular",
  "minute_tick_aspect_ratio": 0.2679433656340733,
  "number_position": 0.815,
  "number_size": 0.165,
  "number_font": "P052",
  "number_bold": true,
  "use_roman_numerals": false,
  "show_cardinal_numbers_only": false,
  "hour_hand_length": 0.545,
  "hour_hand_tail": 0.12,
  "hour_hand_width": 0.04,
  "hour_hand_image_width": 0.951229424500714,
  "hour_hand_image_source": "builtin",
  "hour_hand_image_name": "spear",
  "minute_hand_length": 0.736,
  "minute_hand_tail": 0.16,
  "minute_hand_width": 0.025,
  "minute_hand_image_width": 0.7046880897187134,
  "minute_hand_image_source": "builtin",
  "minute_hand_image_name": "spear",
  "second_hand_length": 0.753,
  "second_hand_tail": 0.2,
  "second_hand_width": 0.01,
  "second_hand_image_width": 1.0,
  "second_hand_image_source": "builtin",
  "second_hand_image_name": "spear",
  "center_dot_radius": 0.013,
  "date_box_width": 1.196,
  "date_box_height": 0.222,
  "date_box_margin": 0.12,
  "date_format": "%a, %d %b.",
  "date_font_size": 0.126,
  "date_font": "P052",
  "date_bold": false,
  "hands_color": [
    0.18000000000000002,
    0.18000000000000002,
    0.18000000000000002
  ],
  "numbers_color": [
    0.18000000000000002,
    0.18000000000000002,
    0.18000000000000002
  ],
  "ticks_color": [
    0.07349189189189193,
    0.44,
    0.03519999999999998
  ],
  "minute_ticks_color": [
    0.18000000000000002,
    0.18000000000000002,
    0.18000000000000002
  ],
  "border_color": [
    0,
    0,
    0
  ],
  "second_hand_color": [
    0.07349189189189187,
    0.44,
    0.03519999999999993
  ],
  "date_text_color": [
    0.18000000000000002,
    0.18000000000000002,
    0.18000000000000002
  ]
}